,full name,name,name
0,Lewis Hamilton,Albert Park Grand Prix Circuit,McLaren
1,Nick Heidfeld,Sepang International Circuit,BMW Sauber
2,Nico Rosberg,Bahrain International Circuit,Williams
3,Fernando Alonso,Circuit de Barcelona-Catalunya,Renault
4,Heikki Kovalainen,Istanbul Park,Toro Rosso
5,Kazuki Nakajima,Circuit de Monaco,Ferrari
6,Sébastien Bourdais,Circuit Gilles Villeneuve,Toyota
7,Kimi Räikkönen,Circuit de Nevers Magny-Cours,Super Aguri
8,Robert Kubica,Silverstone Circuit,Red Bull
9,Timo Glock,Hockenheimring,Force India
10,Takuma Sato,Hungaroring,Honda
11,Nelson Piquet Jr.,Valencia Street Circuit,Spyker
12,Felipe Massa,Circuit de Spa-Francorchamps,MF1
13,David Coulthard,Autodromo Nazionale di Monza,Spyker MF1
14,Jarno Trulli,Marina Bay Street Circuit,Sauber
15,Adrian Sutil,Fuji Speedway,BAR
16,Mark Webber,Shanghai International Circuit,Jordan
17,Jenson Button,Autódromo José Carlos Pace,Minardi
18,Anthony Davidson,Indianapolis Motor Speedway,Jaguar
19,Sebastian Vettel,Nürburgring,Prost
20,Giancarlo Fisichella,Autodromo Enzo e Dino Ferrari,Arrows
21,Rubens Barrichello,Suzuka Circuit,Benetton
22,Ralf Schumacher,A1-Ring,Brawn
23,Vitantonio Liuzzi,Yas Marina Circuit,Stewart
24,Alexander Wurz,Autódromo Juan y Oscar Gálvez,Tyrrell
25,Scott Speed,Circuito de Jerez,Lola
26,Christijan Albers,Autódromo do Estoril,Ligier
27,Markus Winkelhock,Okayama International Circuit,Forti
28,Sakon Yamamoto,Adelaide Street Circuit,Footwork
29,Michael Schumacher,Kyalami,Pacific
30,Juan Pablo Montoya,Donington Park,Simtek
31,Christian Klien,Autódromo Hermanos Rodríguez,Team Lotus
32,Tiago Monteiro,Phoenix street circuit,Larrousse
33,Yuji Ide,Circuit Paul Ricard,Brabham
34,Jacques Villeneuve,Korean International Circuit,Dallara
35,Franck Montagny,Autódromo Internacional Nelson Piquet,Fondmetal
36,Pedro de la Rosa,Detroit Street Circuit,March
37,Robert Doornbos,Brands Hatch,Andrea Moda
38,Narain Karthikeyan,Circuit Park Zandvoort,AGS
39,Patrick Friesacher,Zolder,Lambo
40,Ricardo Zonta,Dijon-Prenois,Leyton House
41,Antônio Pizzonia,Fair Park,Coloni
42,Cristiano da Matta,Long Beach,Euro Brun
43,Olivier Panis,Las Vegas Street Circuit,Osella
44,Giorgio Pantano,Jarama,Onyx
45,Gianmaria Bruni,Watkins Glen,Life
46,Zsolt Baumgartner,Scandinavian Raceway,Rial
47,Marc Gené,Mosport International Raceway,Zakspeed
48,Heinz-Harald Frentzen,Montjuïc,RAM
49,Jos Verstappen,Nivelles-Baulers,Alfa Romeo
50,Justin Wilson,Charade Circuit,Spirit
51,Ralph Firman,Circuit Mont-Tremblant,Toleman
52,Nicolas Kiesa,Rouen-Les-Essarts,ATS
53,Luciano Burti,Le Mans,Theodore
54,Jean Alesi,Reims-Gueux,Fittipaldi
55,Eddie Irvine,Prince George Circuit,Ensign
56,Mika Häkkinen,Zeltweg,Shadow
57,Tarso Marques,Aintree,Wolf
58,Enrique Bernoldi,Circuito da Boavista,Merzario
59,Gastón Mazzacane,Riverside International Raceway,Kauhsen
60,Tomáš Enge,AVUS,Rebaque
61,Alex Yoong,Monsanto Park Circuit,Surtees
62,Mika Salo,Sebring International Raceway,Hesketh
63,Pedro Diniz,Ain Diab,Martini
64,Johnny Herbert,Pescara Circuit,BRM
65,Allan McNish,Circuit Bremgarten,Penske
66,Sébastien Buemi,Circuit de Pedralbes,LEC
67,Toranosuke Takagi,Buddh International Circuit,McGuire
68,Luca Badoer,Circuit of the Americas,Boro
69,Alessandro Zanardi,Red Bull Ring,Apollon
70,Damon Hill,Sochi Autodrom,Kojima
71,Stéphane Sarrazin,Port Imperial Street Circuit,Parnelli
72,Ricardo Rosset,Baku City Circuit,Maki
73,Esteban Tuero,Hanoi Street Circuit,Embassy Hill
74,Shinji Nakano,Autódromo Internacional do Algarve,Lyncar
75,Jan Magnussen,Autodromo Internazionale del Mugello,Trojan
76,Gerhard Berger,Jeddah Street Circuit,Amon
77,Nicola Larini,,Token
78,Ukyo Katayama,,Iso Marlboro
79,Vincenzo Sospiri,,Tecno
80,Gianni Morbidelli,,Matra
81,Norberto Fontana,,Politoys
82,Pedro Lamy,,Connew
83,Martin Brundle,,Bellasi
84,Andrea Montermini,,De Tomaso
85,Giovanni Lavaggi,,Cooper
86,Mark Blundell,,Eagle
87,Aguri Suzuki,,LDS
88,Taki Inoue,,Protos
89,Roberto Moreno,,Shannon
90,Karl Wendlinger,,Scirocco
91,Bertrand Gachot,,RE
92,Domenico Schiattarella,,BRP
93,Pierluigi Martini,,Porsche
94,Nigel Mansell,,Derrington
95,Jean-Christophe Boullion,,Gilby
96,Massimiliano Papis,,Stebro
97,Jean-Denis Délétraz,,Emeryson
98,Gabriele Tarquini,,ENB
99,Érik Comas,,JBW
100,David Brabham,,Ferguson
101,Ayrton Senna,,MBM
102,Éric Bernard,,Behra-Porsche
103,Christian Fittipaldi,,Maserati
104,Michele Alboreto,,Scarab
105,Olivier Beretta,,Watson
106,Roland Ratzenberger,,Epperly
107,Paul Belmondo,,Phillips
108,Jyrki Järvilehto,,Lesovsky
109,Andrea de Cesaris,,Trevis
110,Jean-Marc Gounon,,Meskowski
111,Philippe Alliot,,Kurtis Kraft
112,Philippe Adams,,Kuzma
113,Yannick Dalmas,,Christensen
114,Hideki Noda,,Ewing
115,Franck Lagorce,,Aston Martin
116,Alain Prost,,Vanwall
117,Derek Warwick,,Moore
118,Riccardo Patrese,,Dunn
119,Fabrizio Barbazza,,Elder
120,Michael Andretti,,Sutton
121,Ivan Capelli,,Fry
122,Thierry Boutsen,,Tec-Mec
123,Marco Apicella,,Connaught
124,Emanuele Naspetti,,Alta
125,Toshio Suzuki,,OSCA
126,Maurício Gugelmin,,Gordini
127,Eric van de Poele,,Stevens
128,Olivier Grouillard,,Bugatti
129,Andrea Chiesa,,Mercedes
130,Stefano Modena,,Lancia
131,Giovanna Amati,,HWM
132,Alex Caffi,,Schroeder
133,Enrico Bertaggia,,Pawl
134,Perry McCarthy,,Pankratz
135,Jan Lammers,,Arzani-Volpini
136,Nelson Piquet,,Nichels
137,Satoru Nakajima,,Bromme
138,Emanuele Pirro,,Klenk
139,Stefan Johansson,,Simca
140,Julian Bailey,,Turner
141,Pedro Chaves,,Del Roy
142,Michael Bartels,,Veritas
143,Naoki Hattori,,BMW
144,Alessandro Nannini,,EMW
145,Bernd Schneider,,AFM
146,Paolo Barilla,,Frazer Nash
147,Gregor Foitek,,Sherman
148,Claudio Langes,,Deidt
149,Gary Brabham,,ERA
150,Martin Donnelly,,Aston Butterworth
151,Bruno Giacomelli,,Cisitalia
152,Jaime Alguersuari,,Talbot-Lago
153,Romain Grosjean,,Hall
154,Kamui Kobayashi,,Marchese
155,Jonathan Palmer,,Langley
156,Christian Danner,,Rae
157,Eddie Cheever,,Olson
158,Luis Pérez-Sala,,Wetteroth
159,Piercarlo Ghinzani,,Adams
160,Volker Weidler,,Snowberger
161,Pierre-Henri Raphanel,,Milano
162,René Arnoux,,HRT
163,Joachim Winkelhock,,Cooper-Maserati
164,Oscar Larrauri,,Virgin
165,Philippe Streiff,,Cooper-OSCA
166,Adrián Campos,,Cooper-Borgward
167,Jean-Louis Schlesser,,Cooper-Climax
168,Pascal Fabre,,Cooper-Castellotti
169,Teo Fabi,,Lotus-Climax
170,Franco Forini,,Lotus-Maserati
171,Jacques Laffite,,De Tomaso-Osca
172,Elio de Angelis,,De Tomaso-Alfa Romeo
173,Johnny Dumfries,,Lotus-BRM
174,Patrick Tambay,,Lotus-Borgward
175,Marc Surer,,Cooper-Alfa Romeo
176,Keke Rosberg,,De Tomaso-Ferrari
177,Alan Jones,,Lotus-Ford
178,Huub Rothengatter,,Brabham-BRM
179,Allen Berg,,Brabham-Ford
180,Manfred Winkelhock,,Brabham-Climax
181,Niki Lauda,,LDS-Climax
182,François Hesnault,,LDS-Alfa Romeo
183,Mauro Baldi,,Cooper-Ford
184,Stefan Bellof,,McLaren-Ford
185,Kenny Acheson,,McLaren-Serenissima
186,John Watson,,Eagle-Climax
187,Johnny Cecotto,,Eagle-Weslake
188,Jo Gartner,,Brabham-Repco
189,Corrado Fabi,,Cooper-Ferrari
190,Mike Thackwell,,Cooper-ATS
191,Chico Serra,,McLaren-BRM
192,Danny Sullivan,,Cooper-BRM
193,Eliseo Salazar,,Matra-Ford
194,Roberto Guerrero,,BRM-Ford
195,Raul Boesel,,McLaren-Alfa Romeo
196,Jean-Pierre Jarier,,March-Alfa Romeo
197,Jacques Villeneuve Sr.,,March-Ford
198,Carlos Reutemann,,Lotus-Pratt &amp; Whitney
199,Jochen Mass,,Shadow-Ford
200,Slim Borgudd,,Shadow-Matra
201,Didier Pironi,,Brabham-Alfa Romeo
202,Gilles Villeneuve,,Lotus
203,Riccardo Paletti,,Marussia
204,Brian Henton,,Caterham
205,Derek Daly,,Lotus F1
206,Mario Andretti,,Manor Marussia
207,Emilio de Villota,,Haas F1 Team
208,Geoff Lees,,Racing Point
209,Tommy Byrne,,AlphaTauri
210,Rupert Keegan,,Alpine F1 Team
211,Hector Rebaque,,
212,Beppe Gabbiani,,
213,Kevin Cogan,,
214,Miguel Ángel Guerra,,
215,Siegfried Stohr,,
216,Ricardo Zunino,,
217,Ricardo Londoño,,
218,Jean-Pierre Jabouille,,
219,Giorgio Francia,,
220,Patrick Depailler,,
221,Jody Scheckter,,
222,Clay Regazzoni,,
223,Emerson Fittipaldi,,
224,Dave Kennedy,,
225,Stephen South,,
226,Tiff Needell,,
227,Desiré Wilson,,
228,Harald Ertl,,
229,Vittorio Brambilla,,
230,James Hunt,,
231,Arturo Merzario,,
232,Hans-Joachim Stuck,,
233,Gianfranco Brancatelli,,
234,Jacky Ickx,,
235,Patrick Gaillard,,
236,Alex Ribeiro,,
237,Ronnie Peterson,,
238,Brett Lunger,,
239,Danny Ongais,,
240,Lamberto Leoni,,
241,Divina Galica,,
242,Rolf Stommelen,,
243,Alberto Colombo,,
244,Tony Trimmer,,
245,Hans Binder,,
246,Michael Bleekemolen,,
247,Carlo Franchi,,
248,Bobby Rahal,,
249,Carlos Pace,,
250,Ian Scheckter,,
251,Tom Pryce,,
252,Ingo Hoffmann,,
253,Renzo Zorzi,,
254,Gunnar Nilsson,,
255,Larry Perkins,,
256,Boy Lunger,,
257,Patrick Nève,,
258,David Purley,,
259,Conny Andersson,,
260,Bernard de Dryver,,
261,Jackie Oliver,,
262,Mikko Kozarowitzky,,
263,Andy Sutcliffe,,
264,Guy Edwards,,
265,Brian McGuire,,
266,Vern Schuppan,,
267,Hans Heyer,,
268,Teddy Pilette,,
269,Ian Ashley,,
270,Loris Kessel,,
271,Kunimitsu Takahashi,,
272,Kazuyoshi Hoshino,,
273,Noritake Takahara,,
274,Lella Lombardi,,
275,Bob Evans,,
276,Michel Leclère,,
277,Chris Amon,,
278,Emilio Zapico,,
279,Henri Pescarolo,,
280,Jac Nelleman,,
281,Damien Magee,,
282,Mike Wilds,,
283,Alessandro Pesenti-Rossi,,
284,Otto Stuppacher,,
285,Warwick Brown,,
286,Masahiro Hasemi,,
287,Mark Donohue,,
288,Graham Hill,,
289,Wilson Fittipaldi,,
290,Guy Tunmer,,
291,Eddie Keizan,,
292,Dave Charlton,,
293,Tony Brise,,
294,Roelof Wunderink,,
295,François Migault,,
296,Torsten Palm,,
297,Gijs van Lennep,,
298,Hiroshi Fushida,,
299,John Nicholson,,
300,Dave Morgan,,
301,Jim Crawford,,
302,Jo Vonlanthen,,
303,Denny Hulme,,
304,Mike Hailwood,,
305,Jean-Pierre Beltoise,,
306,Howden Ganley,,
307,Richard Robarts,,
308,Peter Revson,,
309,Paddy Driver,,
310,Tom Belsø,,
311,Brian Redman,,
312,Rikky von Opel,,
313,Tim Schenken,,
314,Gérard Larrousse,,
315,Leo Kinnunen,,
316,Reine Wisell,,
317,Bertil Roos,,
318,José Dolhem,,
319,Peter Gethin,,
320,Derek Bell,,
321,David Hobbs,,
322,Dieter Quester,,
323,Helmuth Koinigg,,
324,Carlo Facetti,,
325,Eppie Wietzes,,
326,François Cevert,,
327,Jackie Stewart,,
328,Mike Beuttler,,
329,Nanni Galli,,
330,Luiz Bueno,,
331,George Follmer,,
332,Andrea de Adamich,,
333,Jackie Pretorius,,
334,Roger Williamson,,
335,Graham McRae,,
336,Helmut Marko,,
337,David Walker,,
338,Alex Soler-Roig,,
339,John Love,,
340,John Surtees,,
341,Skip Barber,,
342,Bill Brack,,
343,Sam Posey,,
344,Pedro Rodríguez,,
345,Jo Siffert,,
346,Jo Bonnier,,
347,François Mazet,,
348,Max Jean,,
349,Vic Elford,,
350,Silvio Moser,,
351,George Eaton,,
352,Pete Lovely,,
353,Chris Craft,,
354,John Cannon,,
355,Jack Brabham,,
356,John Miles,,
357,Jochen Rindt,,
358,Johnny Servoz-Gavin,,
359,Bruce McLaren,,
360,Piers Courage,,
361,Peter de Klerk,,
362,Ignazio Giunti,,
363,Dan Gurney,,
364,Hubert Hahne,,
365,Gus Hutchison,,
366,Peter Westbury,,
367,Sam Tingle,,
368,Basil van Rooyen,,
369,Richard Attwood,,
370,Al Pease,,
371,John Cordts,,
372,Jim Clark,,
373,Mike Spence,,
374,Ludovico Scarfiotti,,
375,Lucien Bianchi,,
376,Jo Schlesser,,
377,Robin Widdows,,
378,Kurt Ahrens,,
379,Frank Gardner,,
380,Bobby Unser,,
381,Moisés Solana,,
382,Bob Anderson,,
383,Luki Botha,,
384,Lorenzo Bandini,,
385,Richie Ginther,,
386,Mike Parkes,,
387,Chris Irwin,,
388,Guy Ligier,,
389,Alan Rees,,
390,Brian Hart,,
391,Mike Fisher,,
392,Tom Jones,,
393,Giancarlo Baghetti,,
394,Jonathan Williams,,
395,Bob Bondurant,,
396,Peter Arundell,,
397,Vic Wilson,,
398,John Taylor,,
399,Chris Lawrence,,
400,Trevor Taylor,,
401,Giacomo Russo,,
402,Phil Hill,,
403,Innes Ireland,,
404,Ronnie Bucknum,,
405,Paul Hawkins,,
406,David Prophet,,
407,Tony Maggs,,
408,Trevor Blokdyk,,
409,Neville Lederle,,
410,Doug Serrurier,,
411,Brausch Niemann,,
412,Ernie Pieterse,,
413,Clive Puzey,,
414,Ray Reed,,
415,David Clapham,,
416,Alex Blignaut,,
417,Masten Gregory,,
418,John Rhodes,,
419,Ian Raby,,
420,Alan Rollinson,,
421,Brian Gubby,,
422,Gerhard Mitter,,
423,Roberto Bussinello,,
424,Nino Vaccarella,,
425,Giorgio Bassi,,
426,Maurice Trintignant,,
427,Bernard Collomb,,
428,André Pilette,,
429,Carel Godin de Beaufort,,
430,Edgar Barth,,
431,Mário de Araújo Cabral,,
432,Walt Hansgen,,
433,Hap Sharp,,
434,Willy Mairesse,,
435,John Campbell-Jones,,
436,Ian Burgess,,
437,Tony Settember,,
438,Nasif Estéfano,,
439,Jim Hall,,
440,Tim Parnell,,
441,Kurt Kuhnke,,
442,Ernesto Brambilla,,
443,Roberto Lippi,,
444,Günther Seiffert,,
445,Carlo Abate,,
446,Gaetano Starrabba,,
447,Peter Broeker,,
448,Rodger Ward,,
449,Ernie de Vos,,
450,Frank Dochnal,,
451,Thomas Monarch,,
452,Pierre Gasly,,
453,Jackie Lewis,,
454,Ricardo Rodríguez,,
455,Wolfgang Seidel,,
456,Roy Salvadori,,
457,Ben Pon,,
458,Rob Slotemaker,,
459,Tony Marsh,,
460,Gerry Ashmore,,
461,Heinz Schiller,,
462,Colin Davis,,
463,Jay Chamberlain,,
464,Tony Shelly,,
465,Keith Greene,,
466,Heini Walter,,
467,Ernesto Prinoth,,
468,Roger Penske,,
469,Rob Schroeder,,
470,Timmy Mayer,,
471,Bruce Johnstone,,
472,Mike Harris,,
473,Gary Hocking,,
474,Syd van der Vyver,,
475,Stirling Moss,,
476,Wolfgang von Trips,,
477,Cliff Allison,,
478,Hans Herrmann,,
479,Tony Brooks,,
480,Michael May,,
481,Henry Taylor,,
482,Olivier Gendebien,,
483,Giorgio Scarlatti,,
484,Brian Naylor,,
485,Juan Manuel Bordeu,,
486,Jack Fairman,,
487,Massimo Natili,,
488,Peter Monteverdi,,
489,Renato Pirocchi,,
490,Geoff Duke,,
491,Alfonso Thiele,,
492,Menato Boffa,,
493,Peter Ryan,,
494,Lloyd Ruby,,
495,Ken Miles,,
496,Carlos Menditeguy,,
497,Alberto Rodriguez Larreta,,
498,José Froilán González,,
499,Roberto Bonomi,,
500,Gino Munaron,,
501,Harry Schell,,
502,Alan Stacey,,
503,Ettore Chimeri,,
504,Antonio Creus,,
505,Chris Bristow,,
506,Bruce Halford,,
507,Chuck Daigh,,
508,Lance Reventlow,,
509,Jim Rathmann,,
510,Paul Goldsmith,,
511,Don Branson,,
512,Johnny Thomson,,
513,Eddie Johnson,,
514,Bob Veith,,
515,Bud Tingelstad,,
516,Bob Christie,,
517,Red Amick,,
518,Duane Carter,,
519,Bill Homeier,,
520,Gene Hartley,,
521,Chuck Stevenson,,
522,Bobby Grim,,
523,Shorty Templeman,,
524,Jim Hurtubise,,
525,Jimmy Bryan,,
526,Troy Ruttman,,
527,Eddie Sachs,,
528,Don Freeland,,
529,Tony Bettenhausen,,
530,Wayne Weiler,,
531,Anthony Foyt,,
532,Eddie Russo,,
533,Johnny Boyd,,
534,Gene Force,,
535,Jim McWithey,,
536,Len Sutton,,
537,Dick Rathmann,,
538,Al Herman,,
539,Dempsey Wilson,,
540,Mike Taylor,,
541,Ron Flockhart,,
542,David Piper,,
543,Giulio Cabianca,,
544,Piero Drogo,,
545,Fred Gamble,,
546,Arthur Owen,,
547,Horace Gould,,
548,Bob Drake,,
549,Ivor Bueb,,
550,Alain de Changy,,
551,Maria de Filippis,,
552,Jean Lucienbonnet,,
553,André Testut,,
554,Jean Behra,,
555,Paul Russo,,
556,Jimmy Daywalt,,
557,Chuck Arnold,,
558,Al Keller,,
559,Pat Flaherty,,
560,Bill Cheesbourg,,
561,Ray Crawford,,
562,Jack Turner,,
563,Chuck Weyant,,
564,Jud Larson,,
565,Mike Magill,,
566,Carroll Shelby,,
567,Fritz d'Orey,,
568,Azdrubal Fontes,,
569,Peter Ashdown,,
570,Bill Moss,,
571,Dennis Taylor,,
572,Harry Blanchard,,
573,Alessandro de Tomaso,,
574,George Constantine,,
575,Bob Said,,
576,Phil Cade,,
577,Luigi Musso,,
578,Mike Hawthorn,,
579,Juan Fangio,,
580,Paco Godia,,
581,Peter Collins,,
582,Ken Kavanagh,,
583,Gerino Gerini,,
584,Bruce Kessler,,
585,Paul Emery,,
586,Luigi Piotti,,
587,Bernie Ecclestone,,
588,Luigi Taramazzo,,
589,Louis Chiron,,
590,Stuart Lewis-Evans,,
591,George Amick,,
592,Jimmy Reece,,
593,Johnnie Parsons,,
594,Johnnie Tolan,,
595,Billy Garrett,,
596,Ed Elisian,,
597,Pat O'Connor,,
598,Jerry Unser,,
599,Art Bisch,,
600,Christian Goethals,,
601,Dick Gibson,,
602,Robert La Caze,,
603,André Guelfi,,
604,François Picard,,
605,Tom Bridger,,
606,Alfonso de Portago,,
607,Cesare Perdisa,,
608,Eugenio Castellotti,,
609,André Simon,,
610,Les Leston,,
611,Sam Hanks,,
612,Andy Linden,,
613,Marshall Teague,,
614,Don Edmunds,,
615,Fred Agabashian,,
616,Elmer George,,
617,Mike MacDowel,,
618,Herbert MacKay-Fraser,,
619,Bob Gerard,,
620,Umberto Maglioli,,
621,Paul England,,
622,Chico Landi,,
623,Alberto Uria,,
624,Hernando da Silva Ramos,,
625,Élie Bayol,,
626,Robert Manzon,,
627,Louis Rosier,,
628,Bob Sweikert,,
629,Cliff Griffith,,
630,Duke Dinsmore,,
631,Keith Andrews,,
632,Paul Frère,,
633,Luigi Villoresi,,
634,Piero Scotti,,
635,Colin Chapman,,
636,Desmond Titterington,,
637,Archie Scott Brown,,
638,Ottorino Volonterio,,
639,André Milhoux,,
640,Toulo de Graffenried,,
641,Piero Taruffi,,
642,Nino Farina,,
643,Roberto Mieres,,
644,Sergio Mantovani,,
645,Clemar Bucci,,
646,Jesús Iglesias,,
647,Alberto Ascari,,
648,Karl Kling,,
649,Pablo Birger,,
650,Jacques Pollet,,
651,Lance Macklin,,
652,Ted Whiteaway,,
653,Jimmy Davies,,
654,Walt Faulkner,,
655,Cal Niday,,
656,Art Cross,,
657,Bill Vukovich,,
658,Jack McGrath,,
659,Jerry Hoyt,,
660,Johnny Claes,,
661,Peter Walker,,
662,Mike Sparken,,
663,Ken Wharton,,
664,Kenneth McAlpine,,
665,Leslie Marr,,
666,Tony Rolt,,
667,John Fitch,,
668,Jean Lucas,,
669,Prince Bira,,
670,Onofre Marimón,,
671,Roger Loyer,,
672,Jorge Daponte,,
673,Mike Nazaruk,,
674,Larry Crockett,,
675,Manny Ayulo,,
676,Frank Armi,,
677,Travis Webb,,
678,Len Duncan,,
679,Ernie McCoy,,
680,Jacques Swaters,,
681,Georges Berger,,
682,Don Beauman,,
683,Leslie Thorne,,
684,Bill Whitehouse,,
685,John Riseley-Prichard,,
686,Reg Parnell,,
687,Peter Whitehead,,
688,Eric Brandon,,
689,Alan Brown,,
690,Rodney Nuckey,,
691,Hermann Lang,,
692,Theo Helfrich,,
693,Fred Wacker,,
694,Giovanni de Riu,,
695,Oscar Gálvez,,
696,John Barber,,
697,Felice Bonetto,,
698,Adolfo Cruz,,
699,Duke Nalon,,
700,Carl Scarborough,,
701,Bill Holland,,
702,Bob Scott,,
703,Arthur Legat,,
704,Yves Cabantous,,
705,Tony Crook,,
706,Jimmy Stewart,,
707,Ian Stewart,,
708,Duncan Hamilton,,
709,Ernst Klodwig,,
710,Rudolf Krause,,
711,Oswald Karch,,
712,Willi Heeks,,
713,Theo Fitzau,,
714,Kurt Adolff,,
715,Günther Bechem,,
716,Erwin Bauer,,
717,Hans von Stuck,,
718,Ernst Loof,,
719,Albert Scherrer,,
720,Max de Terra,,
721,Peter Hirt,,
722,Piero Carini,,
723,Rudi Fischer,,
724,Toni Ulmen,,
725,George Abecassis,,
726,George Connor,,
727,Jim Rigsby,,
728,Joe James,,
729,Bill Schindler,,
730,George Fonder,,
731,Henry Banks,,
732,Johnny McDowell,,
733,Chet Miller,,
734,Bobby Ball,,
735,Charles de Tornaco,,
736,Roger Laurent,,
737,Robert O'Brien,,
738,Tony Gaze,,
739,Robin Montgomerie-Charrington,,
740,Franco Comotti,,
741,Philippe Étancelin,,
742,Dennis Poore,,
743,Eric Thompson,,
744,Ken Downing,,
745,Graham Whitehead,,
746,Gino Bianco,,
747,David Murray,,
748,Eitel Cantoni,,
749,Bill Aston,,
750,Adolf Brudes,,
751,Fritz Riess,,
752,Helmut Niedermayr,,
753,Hans Klenk,,
754,Marcel Balsa,,
755,Rudolf Schoeller,,
756,Paul Pietsch,,
757,Josef Peters,,
758,Dries van der Lof,,
759,Jan Flinterman,,
760,Piero Dusio,,
761,Alberto Crespo,,
762,Franco Rol,,
763,Consalvo Sanesi,,
764,Guy Mairesse,,
765,Henri Louveau,,
766,Lee Wallard,,
767,Carl Forberg,,
768,Mauri Rose,,
769,Bill Mackey,,
770,Cecil Green,,
771,Walt Brown,,
772,Mack Hellings,,
773,Pierre Levegh,,
774,Eugène Chaboud,,
775,Aldo Gordini,,
776,Joe Kelly,,
777,Philip Fotheringham-Parker,,
778,Brian Shawe Taylor,,
779,John James,,
780,Toni Branca,,
781,Ken Richardson,,
782,Juan Jover,,
783,Georges Grignard,,
784,David Hampshire,,
785,Geoff Crossley,,
786,Luigi Fagioli,,
787,Cuth Harrison,,
788,Joe Fry,,
789,Eugène Martin,,
790,Leslie Johnson,,
791,Clemente Biondetti,,
792,Alfredo Pián,,
793,Raymond Sommer,,
794,Joie Chitwood,,
795,Myron Fohr,,
796,Walt Ader,,
797,Jackie Holmes,,
798,Bayliss Levrett,,
799,Jimmy Jackson,,
800,Nello Pagani,,
801,Charles Pozzi,,
802,Dorino Serafini,,
803,Bill Cantrell,,
804,Johnny Mantz,,
805,Danny Kladis,,
806,Óscar González,,
807,Nico Hülkenberg,,
808,Vitaly Petrov,,
809,Lucas di Grassi,,
810,Bruno Senna,,
811,Karun Chandhok,,
812,Pastor Maldonado,,
813,Paul di Resta,,
814,Sergio Pérez,,
815,Jérôme d'Ambrosio,,
816,Daniel Ricciardo,,
817,Jean-Éric Vergne,,
818,Charles Pic,,
819,Max Chilton,,
820,Esteban Gutiérrez,,
821,Valtteri Bottas,,
822,Giedo van der Garde,,
823,Jules Bianchi,,
824,Kevin Magnussen,,
825,Daniil Kvyat,,
826,André Lotterer,,
827,Marcus Ericsson,,
828,Will Stevens,,
829,Max Verstappen,,
830,Felipe Nasr,,
831,Carlos Sainz,,
832,Roberto Merhi,,
833,Alexander Rossi,,
834,Jolyon Palmer,,
835,Pascal Wehrlein,,
836,Rio Haryanto,,
837,Stoffel Vandoorne,,
838,Esteban Ocon,,
839,Lance Stroll,,
840,Antonio Giovinazzi,,
841,Brendon Hartley,,
842,Charles Leclerc,,
843,Sergey Sirotkin,,
844,Lando Norris,,
845,George Russell,,
846,Alexander Albon,,
847,Nicholas Latifi,,
848,Pietro Fittipaldi,,
849,Jack Aitken,,
850,Yuki Tsunoda,,
851,Nikita Mazepin,,
852,Mick Schumacher,,
